place_en,place_th,place_category_en,place_address_en,place_address_th,place_phone_number,place_website_url,place_image,lat_lng,place_code
"Café Amazon for Chance, Faculty of Environment and Resource Studies",Café Amazon for Chance สาขาคณะสิ่งแวดล้อมและทรัพยากรศาสตร์,Cafe,"Badhanatala Environment Building, Mahidol University, 999 Phuttamonthon 4 Road, Salaya, Nakhon Pathom 73170 Thailand", อาคารสิ่งแวดล้อมพัฒนดล มหาวิทยาลัยมหิดล เลขที่ 999 ถ.พุทธมณฑล สาย 4 ต. ศาลายา อ.พุทธมณฑล จ.นครปฐม 73170,(062) 594-5407,https://www.cafe-amazon.com/index.aspx,https://lh5.googleusercontent.com/p/AF1QipPXBCmpablpo8DLfwXOcTYcQMxjdMCtgVXf_shO=s1920,"13.795044516482365, 100.32161014224005",
"Café Amazon for Chance, Office of the President",Café Amazon for Chance สาขาสำนักงานอธิกานบดี,Cafe,"Office of the President, Mahidol University, 999 Phuttamonthon 4 Road, Salaya, Nakhon Pathom 73170 Thailand", สำนักงานอธิการบดี มหาวิทยาลัยมหิดล เลขที่ 999 ถ.พุทธมณฑล สาย 4 ต. ศาลายา อ.พุทธมณฑล จ.นครปฐม 73170,(062) 594-5421,https://www.cafe-amazon.com/index.aspx,https://lh5.googleusercontent.com/p/AF1QipMx3U7Y2SCvF73QeVTWwB4SeXQz-wyfZssWLz9T=s1920,"13.793846379683266, 100.32538018493254",
"Cafeteria, International College",โรงอาหารวิทยาลัยนานาชาติ,Food,"Mahidol University International College, 999 Phuttamonthon 4 Road, Salaya, Nakhon Pathom 73170 Thailand", วิทยาลัยนานาชาติ มหาวิทยาลัยมหิดล เลขที่ 999 ถ.พุทธมณฑล สาย 4 ต. ศาลายา อ.พุทธมณฑล จ.นครปฐม 73170,,,https://lh5.googleusercontent.com/p/AF1QipObYhes7kV8kAQO6-At7BGGofyrYV-prx9z69lC=s1920,"13.79263400232518, 100.32618924316272",
"Cafeteria, Faculty of Engineering",โรงอาหารคณะวิศวกรรมศาสตร์,Food,"Faculty of Engineering Building 1, Mahidol University, 999 Phuttamonthon 4 Road, Salaya, Nakhon Pathom 73170 Thailand", อาคารคณะวิศวกรรมศาสตร์ 1 มหาวิทยาลัยมหิดล เลขที่ 999 ถ.พุทธมณฑล สาย 4 ต. ศาลายา อ.พุทธมณฑล จ.นครปฐม 73170,,,,"13.795932148994398, 100.32456917043532",
"Cafeteria, Faculty of Social Sciences and Humanities",โรงอาหารคณะสังคมศาสตร์และมนุษยศาสตร์,Food,"Faculty of Social Sciences and Humanities, Mahidol University, 999 Phuttamonthon 4 Road, Salaya, Nakhon Pathom 73170 Thailand", คณะสังคมศาสตร์และมนุษยศาสตร์ มหาวิทยาลัยมหิดล เลขที่ 999 ถ.พุทธมณฑล สาย 4 ต. ศาลายา อ.พุทธมณฑล จ.นครปฐม 73170,,,,"13.79310843903763, 100.32534879244777",
Chaofaa Garden,สวนเจ้าฟ้า,Park,, ,,,,"13.792353080878604, 100.32120738668446",CFG
Somdej Phra Rajabida Court,ลานสมเด็จพระราชบิดา,Park,,,,,https://lh5.googleusercontent.com/p/AF1QipNiYUP-ivaal7jdgF230OmUOMybIendB0wzamuz=s1920,"13.792977144117328, 100.32119558800444",SPRC
Chiangrai Coffee,เชียงราย คอฟฟี่,Cafe,, ,(064) 775-9635,,https://lh5.googleusercontent.com/p/AF1QipOnwczI84z1XlIcLIDqO9o_siz2jnRYiKgXn9Qg=s1920,"13.792592286357985, 100.32223233341944",
Class Cafe @ Co-MU Space,คลาสคาเฟ่ สาขา Co-MU Space,Cafe,, ,,,,"13.794744904662318, 100.3243095206528",
"Inthanin Coffee, International College",อินทนิลคอฟฟี่ สาขาวิทยาลัยนานาชาติ,Cafe,, ,024410758,https://www.inthanincoffee.com/,https://lh5.googleusercontent.com/p/AF1QipOwy_MBsD7WhT-D5QiytQISeP4tiaHF4erO3P8x=s1920,"13.79260643345208, 100.32548203099014",
"Inthanin Coffee, Faculty of Graduate Studies",อินทนิลคอฟฟี่ สาขาบัณฑิตวิทยาลัย,Cafe,, ,,https://www.inthanincoffee.com/,https://lh5.googleusercontent.com/p/AF1QipN3M0Me_o4rd2kPOlzCcejLHzlaYieypq4lr-9G=s1920,"13.793588561257126, 100.32237207182118",
"Tora Cha, I See Tea",โทระฉะ สาขา I See Tea,Cafe,,,,,https://lh5.googleusercontent.com/p/AF1QipObGn78kqowRHI7oHCPd22ZlFp3yQvETDKWczeA=s1920,"13.79399306813946, 100.32477202984236",
ANGEL'S HUT,ANGEL'S HUT,Food,,,,,,"13.793637259536556, 100.32277116240786",
Mahidol Court,ลานมหิดล,Park,,,,,https://lh5.googleusercontent.com/p/AF1QipOpOC7Iakaz2t5nkdOyW_rgOaiFF2zYgTjnxQat=s1920,"13.79266650487115, 100.32420098212441",MUC
"MLC, Food Court",ศูนย์อาหาร ศูนย์การเรียนรู้มหิดล,Food,, ,,,https://lh5.googleusercontent.com/p/AF1QipOTRXkvc-jNGhTpZDMaOGY7r4RyiI72YKVR6JbE=s1920,"13.793583389341661, 100.32154668853191",
Bellinee's Bake & Brew at MU Art Gallery,Bellinee's Bake & Brew สาขา MU Art Gallery,Food,,,(091) 001-4184,http://www.bellinee.co.th/,https://lh5.googleusercontent.com/p/AF1QipOpnyTMIkHNRl9kUhzOJSGNwidH6htO72-06Qsb=s1920,"13.793912648011, 100.32080020296412",
Tonklarfacai,ต้นกล้าฟ้าใส,Food,, ,(085) 414-6966,,https://lh5.googleusercontent.com/p/AF1QipMvx5GWNZfEUQFqrJWgX23jaexYBEt-wGrv0zya=s1920,"13.792231787486141, 100.32574372576347",
True Coffee (MLC),ทรูคอฟฟี่ สาขาศูนย์การเรียนรู้มหิดล,Cafe,, ,,http://truecoffee.truecorp.co.th/,https://lh5.googleusercontent.com/p/AF1QipNo1P-79Nmeroth6uylHnVVunMhJU08OFFVIxw=s1920,"13.794462651823428, 100.32137883488429",
Badhanatala Environment Building,อาคารสิ่งแวดล้อมพัฒนดล,Building,"Badhanatala Environment Building, Mahidol University, 999 Phuttamonthon 4 Road, Salaya, Nakhon Pathom 73170 Thailand",อาคารสิ่งแวดล้อมพัฒนดล มหาวิทยาลัยมหิดล เลขที่ 999 ถ.พุทธมณฑล สาย 4 ต. ศาลายา อ.พุทธมณฑล จ.นครปฐม 73170, 02 441 5000 ,https://en.mahidol.ac.th/,https://lh3.googleusercontent.com/p/AF1QipP07MSBGAk1POu96gHJhws87r3VAkz4rhqRtTaZ=s1920,"13.794723403212256, 100.3212633946009",ENB
En Bazaar,ศูนย์อาหาร En Bazaar,Food,"Badhanatala Environment Building, Mahidol University, 999 Phuttamonthon 4 Road, Salaya, Nakhon Pathom 73170 Thailand",อาคารสิ่งแวดล้อมพัฒนดล มหาวิทยาลัยมหิดล เลขที่ 999 ถ.พุทธมณฑล สาย 4 ต. ศาลายา อ.พุทธมณฑล จ.นครปฐม 73170,,,https://lh5.googleusercontent.com/p/AF1QipN5omLft-wbOm4gLO_6yvw3mJ4SP8DDgooSmOcw=s1920,"13.794785247400537, 100.32121329998749",
College of Sports Science and Technology,วิทยาลัยวิทยาศาสตร์และเทคโนโลยีการกีฬา,Building,"College of Sports Science and Technology, Mahidol University, 999 Phuttamonthon 4 Road, Salaya, Nakhon Pathom 73170 Thailand",วิทยาลัยวิทยาศาสตร์และเทคโนโลยีการกีฬา มหาวิทยาลัยมหิดล เลขที่ 999 ถ.พุทธมณฑล สาย 4 ต. ศาลายา อ.พุทธมณฑล จ.นครปฐม 73170, 02 441 4295 ,https://ss.mahidol.ac.th/,https://lh5.googleusercontent.com/p/AF1QipM5_sSJrNtnEVRa0bZRLpxc-oE5-a-kQL4pEcjZ=s1920,"13.79576026553588, 100.3211102623588",SS
Faculty of Engineering Building 1,อาคารคณะวิศวกรรมศาสตร์ 1,Building,"Faculty of Engineering Building 1, Mahidol University, 999 Phuttamonthon 4 Road, Salaya, Nakhon Pathom 73170 Thailand",อาคารคณะวิศวกรรมศาสตร์ 1 มหาวิทยาลัยมหิดล เลขที่ 999 ถ.พุทธมณฑล สาย 4 ต. ศาลายา อ.พุทธมณฑล จ.นครปฐม 73170, 02 889 2138 ,https://www.eg.mahidol.ac.th/,https://lh5.googleusercontent.com/p/AF1QipMSn25uLEhHGvY0opIl_POJn2MiEEcII2Jr0C5a=s1920,"13.79603539893377, 100.32492428345765",EG1
Faculty of Engineering Building 2,อาคารคณะวิศวกรรมศาสตร์ 2,Building,"Faculty of Engineering Building 2, Mahidol University, 999 Phuttamonthon 4 Road, Salaya, Nakhon Pathom 73170 Thailand",อาคารคณะวิศวกรรมศาสตร์ 2 มหาวิทยาลัยมหิดล เลขที่ 999 ถ.พุทธมณฑล สาย 4 ต. ศาลายา อ.พุทธมณฑล จ.นครปฐม 73170, 02 889 2138 ,https://www.eg.mahidol.ac.th/,https://lh3.googleusercontent.com/p/AF1QipMbwLxoeu_W-OgldiVSHtI0sLa-xslEYvDu1VDn=s1920,"13.795748870032094, 100.3236223116318",EG2
Faculty of Engineering Building 3,อาคารคณะวิศวกรรมศาสตร์ 3,Building,"Faculty of Engineering Building 3, Mahidol University, 999 Phuttamonthon 4 Road, Salaya, Nakhon Pathom 73170 Thailand",อาคารคณะวิศวกรรมศาสตร์ 3 มหาวิทยาลัยมหิดล เลขที่ 999 ถ.พุทธมณฑล สาย 4 ต. ศาลายา อ.พุทธมณฑล จ.นครปฐม 73170, 02 889 2138 ,https://www.eg.mahidol.ac.th/,https://lh3.googleusercontent.com/p/AF1QipO4xsOcVj8ttqvuQkTfWCFZXKZxfV8RGmiD-8O0=s1920,"13.795781671430516, 100.32616201334022",EG3
Faculty of Environment and Resource Studies,คณะสิ่งแวดล้อมและทรัพยากรศาสตร์,Building,"Faculty of Environment and Resource Studies, Mahidol University, 999 Phuttamonthon 4 Road, Salaya, Nakhon Pathom 73170 Thailand",คณะสิ่งแวดล้อมและทรัพยากรศาสตร์ มหาวิทยาลัยมหิดล เลขที่ 999 ถ.พุทธมณฑล สาย 4 ต. ศาลายา อ.พุทธมณฑล จ.นครปฐม 73170, 02 441 5000 ,https://en.mahidol.ac.th/,https://lh5.googleusercontent.com/p/AF1QipM4-1f1QAoIG5wuRrN6wGdH-rY7lM2aVPG4XXI5=s1920,"13.795330484345886, 100.3223858048537",EN
Faculty of Graduate Studies,บัณฑิตวิทยาลัย,Building,"Faculty of Graduate Studies, Graduate Studies Building, Mahidol University, 25/25 Phutthamonthon Sai 4 Rd, Salaya, Phutthamonthon District, Nakhon Pathom 73170",บัณฑิตวิทยาลัย มหาวิทยาลัยมหิดล 25/25 หมู่ 5 ถนนพุทธมณฑลสาย 4 ตำบลศาลายา​ อำเภอพุทธมณฑล จังหวัดนครปฐม 73170,02 441 4125,https://graduate.mahidol.ac.th/,https://lh5.googleusercontent.com/p/AF1QipOmwENTJXAviNnWYIN3EFZiHBUFHsGzcRIQe-YP=s1920,"13.793658520840962, 100.32229915564594",GR
Faculty of Information and Communication Technology,คณะเทคโนโลยีสารสนเทศและการสื่อสาร,Building,"Faculty of Information and Communication Technology, Mahidol University, 999 Phuttamonthon 4 Road, Salaya, Nakhon Pathom 73170 Thailand",คณะเทคโนโลยีสารสนเทศและการสื่อสาร มหาวิทยาลัยมหิดล เลขที่ 999 ถ.พุทธมณฑล สาย 4 ต. ศาลายา อ.พุทธมณฑล จ.นครปฐม 73170, 02 441 0909 ,https://www.ict.mahidol.ac.th/,https://lh3.googleusercontent.com/p/AF1QipPPgANqu83ztPH0mTYMKy7_AWT0smOZwQHejJCO=s1920,"13.79441894220838, 100.32472494259375",ICT
Faculty of Science Building 1-2,อาคารคณะวิทยาศาสตร์ 1-2,Building,"Faculty of Science Building 1-2, Mahidol University, 999 Phuttamonthon 4 Road, Salaya, Nakhon Pathom 73170 Thailand",อาคารคณะวิทยาศาสตร์ 1-2 มหาวิทยาลัยมหิดล เลขที่ 999 ถ.พุทธมณฑล สาย 4 ต. ศาลายา อ.พุทธมณฑล จ.นครปฐม 73170,02 441 9322,https://science.mahidol.ac.th/,https://lh5.googleusercontent.com/p/AF1QipOrAmX-HdWyHb0fxgRQXwcM3BW_hwcGpkeQua7U=s1920,"13.792782277293458, 100.32366900126621",SC12
Faculty of Science Building 3-4,อาคารคณะวิทยาศาสตร์ 3-4,Building,"Faculty of Science Building 3-4, Mahidol University, 999 Phuttamonthon 4 Road, Salaya, Nakhon Pathom 73170 Thailand",อาคารคณะวิทยาศาสตร์ 3-4 มหาวิทยาลัยมหิดล เลขที่ 999 ถ.พุทธมณฑล สาย 4 ต. ศาลายา อ.พุทธมณฑล จ.นครปฐม 73170,02 441 9322,https://science.mahidol.ac.th/,https://lh5.googleusercontent.com/p/AF1QipOrAmX-HdWyHb0fxgRQXwcM3BW_hwcGpkeQua7U=s1920,"13.79290688923988, 100.3221316125067",SC34
Faculty of Social Sciences and Humanities,คณะสังคมศาสตร์และมนุษยศาสตร์,Building,"Faculty of Social Sciences and Humanities, Mahidol University, 999 Phuttamonthon 4 Road, Salaya, Nakhon Pathom 73170 Thailand",คณะสังคมศาสตร์และมนุษยศาสตร์ มหาวิทยาลัยมหิดล เลขที่ 999 ถ.พุทธมณฑล สาย 4 ต. ศาลายา อ.พุทธมณฑล จ.นครปฐม 73170,02 800 2840,https://sh.mahidol.ac.th/,https://lh6.googleusercontent.com/Y2qCeSmpJvW-Gl8RA5qx-Bamb1GgOJpqxjxy-XdCaKbLhN56W5Qnv3sIcar3oUVsbw=s1920,"13.792836521245917, 100.32486913384415",SH
Institute of Human Right and Peace Studies,สถาบันสิทธิมนุษยชนและสันติศึกษา,Building,"Institute of Human Right and Peace Studies, Mahidol University, 999 Phuttamonthon 4 Road, Salaya, Nakhon Pathom 73170 Thailand",สถาบันสิทธิมนุษยชนและสันติศึกษา มหาวิทยาลัยมหิดล เลขที่ 999 ถ.พุทธมณฑล สาย 4 ต. ศาลายา อ.พุทธมณฑล จ.นครปฐม 73170, 02 441 0815 ,https://ihrp.mahidol.ac.th,https://lh5.googleusercontent.com/p/AF1QipM0E4puEFFiSEgxbWskcpNVhHgWb8vnj8CJkyo4=s1920,"13.793205253823182, 100.32534655889137",IHRP
Coffee Chale't,Coffee Chale't,Cafe,,,,,https://lh5.googleusercontent.com/p/AF1QipP7aJJzPH5KIk7G9_hzZNnGOJmJzIDG_uWZTT5x=s1920,"13.79649101569086, 100.32196983332776",
Institute of Nutrition,สถาบันโภชนาการ,Building,"Institute of Nutrition, Mahidol University, 999 Phuttamonthon 4 Road, Salaya, Nakhon Pathom 73170 Thailand",สถาบันโภชนาการ มหาวิทยาลัยมหิดล เลขที่ 999 ถ.พุทธมณฑล สาย 4 ต. ศาลายา อ.พุทธมณฑล จ.นครปฐม 73170, 02 800 2380 ,https://inmu2.mahidol.ac.th/,https://lh5.googleusercontent.com/p/AF1QipPatCSp5doWYGMedyiaiV7JH8ENyXmefLg25wRl=s1920,"13.796260109369495, 100.3224141818062",IN
Lecture Theater 1,อาคารบรรยายรวม 1,Building,"Lecture Theater 1, Mahidol University, 999 Phuttamonthon 4 Road, Salaya, Nakhon Pathom 73170 Thailand",อาคารบรรยายรวม 1 มหาวิทยาลัยมหิดล เลขที่ 999 ถ.พุทธมณฑล สาย 4 ต. ศาลายา อ.พุทธมณฑล จ.นครปฐม 73170,,,,"13.79369451113918, 100.32481513581638",L1
Lecture Theater 2,อาคารบรรยายรวม 2,Building,"Lecture Theater 2, Mahidol University, 999 Phuttamonthon 4 Road, Salaya, Nakhon Pathom 73170 Thailand",อาคารบรรยายรวม 2 มหาวิทยาลัยมหิดล เลขที่ 999 ถ.พุทธมณฑล สาย 4 ต. ศาลายา อ.พุทธมณฑล จ.นครปฐม 73170,,,,"13.793787832430821, 100.32331685268558",L2
Mahidol Learning Center (MLC),ศูนย์การเรียนรู้มหิดล,Building,"Mahidol Learning Center (MLC), Mahidol University, 999 Phuttamonthon 4 Road, Salaya, Nakhon Pathom 73170 Thailand",ศูนย์การเรียนรู้มหิดล มหาวิทยาลัยมหิดล เลขที่ 999 ถ.พุทธมณฑล สาย 4 ต. ศาลายา อ.พุทธมณฑล จ.นครปฐม 73170, 02 849 4101 ,https://op.mahidol.ac.th/mlc/,https://lh5.googleusercontent.com/p/AF1QipN2c5NlMdapLcIau3Z76ekcr9LVm6Ju6U0lrZk=s1920,"13.793917425344457, 100.32122718048839",MLC
Mahidol University International College,วิทยาลัยนานาชาติ,Building,"Mahidol University International College, Mahidol University, 999 Phuttamonthon 4 Road, Salaya, Nakhon Pathom 73170 Thailand",วิทยาลัยนานาชาติ มหาวิทยาลัยมหิดล เลขที่ 999 ถ.พุทธมณฑล สาย 4 ต. ศาลายา อ.พุทธมณฑล จ.นครปฐม 73170, 02 700 5000 ,https://muic.mahidol.ac.th,https://lh3.googleusercontent.com/p/AF1QipNHTkohAIOtLinwpiPiRgwV30fTs9ZeW2Tr2_oj=s1920,"13.792768153520907, 100.32602656378165",IC
Mahidol University Library and Knowledge Center,ห้องสมุดและคลังความรู้มหาวิทยาลัยมหิดล,Building,"Mahidol University Library and Knowledge Center, Mahidol University, 25/25 Phutthamonthon Sai 4 Rd, Salaya, Phutthamonthon District, Nakhon Pathom 73170","ห้องสมุดและคลังความรู้มหาวิทยาลัยมหิดล 25/25 หมู่ 5 ถนนพุทธมณฑลสาย 4 ตำบลศาลายา​
อำเภอพุทธมณฑล จังหวัดนครปฐม 73170", 02 800 2680 ,https://www.li.mahidol.ac.th/,https://lh5.googleusercontent.com/p/AF1QipN-kh6Q0s7B9LlaIapTsUcI-d24wVp9-9sqFE3u=s1920,"13.79448444644781, 100.32414840858708",LI
Office of the President,สำนักงานอธิการบดี,Building,"Office of the President, Mahidol University, 999 Phuttamonthon 4 Road, Salaya, Nakhon Pathom 73170 Thailand",สำนักงานอธิการบดี มหาวิทยาลัยมหิดล เลขที่ 999 ถ.พุทธมณฑล สาย 4 ต. ศาลายา อ.พุทธมณฑล จ.นครปฐม 73170, 02 849 6000 ,https://op.mahidol.ac.th/,https://lh5.googleusercontent.com/p/AF1QipM7spR_RWKhdAspr43zS0JGZMXKHogTqWoySaO1=s1920,"13.794442336579886, 100.3254058629714",OP
Aditayathorn Building (MUIC),อาคารอทิตยาทร (MUIC),Building,"Aditayathorn Building (MUIC), Mahidol University, 999 Phuttamonthon 4 Road, Salaya, Nakhon Pathom 73170 Thailand",อาคารอทิตยาทร (MUIC) มหาวิทยาลัยมหิดล เลขที่ 999 ถ.พุทธมณฑล สาย 4 ต. ศาลายา อ.พุทธมณฑล จ.นครปฐม 73170,02 700 5000,https://muic.mahidol.ac.th/,https://lh5.googleusercontent.com/p/AF1QipPhCZfXqlC6CJ_6pKugHLwqIc5EWH8Cqos1-cva=s1920,"13.790531211823804, 100.32653069696602",MUIC
"D'ORO, Aditayathorn Building (MUIC)",ดิโอโร่ สาขาอาคารอทิตยาทร (MUIC),Cafe,"Aditayathorn Building (MUIC), Mahidol University, 999 Phuttamonthon 4 Road, Salaya, Nakhon Pathom 73170 Thailand",อาคารอทิตยาทร (MUIC) มหาวิทยาลัยมหิดล เลขที่ 999 ถ.พุทธมณฑล สาย 4 ต. ศาลายา อ.พุทธมณฑล จ.นครปฐม 73170,(095) 208-4896,http://www.d-oro.coffee/,https://lh5.googleusercontent.com/p/AF1QipPu96EAZQbnpdNotG6BiloByUN-_QbvErjGtFPJ=s1920,"13.790163551579303, 100.32671536535548",
alt242@SALAYA,alt242@SALAYA,Food,,,(087) 650-8707,,https://lh5.googleusercontent.com/p/AF1QipMOB8JxHFgOnJKf8RvRQUC9kIs0U_cJ8d4JOe9a=s1920,"13.791659260573015, 100.3249354055689",
Coffee & More GARDEN,Coffee & More GARDEN,Cafe,,,(061) 496-9446,,https://lh5.googleusercontent.com/p/AF1QipP6_uYqBOpcnNIfjUJE0r6mcUH0rE9eBbtZWTWY=s1920,"13.791666991479024, 100.3250989802383",
IL Coffee,ไอแอลคอฟฟี่,Cafe,,,(065) 264-2895,,https://lh5.googleusercontent.com/p/AF1QipMMBogADuk6kmERHGr1LyJV9Fft73DLd9l3F1kr=s1920,"13.791400581566634, 100.32384697350386",
College of Music / Bhumibol Sangkeet Building (A),วิทยาลัยดุริยางคศิลป์ / อาคารภูมิพลสังคีต อาคาร A,Building,"College of Music / Bhumibol Sangkeet Building, Mahidol University, 25/25 Phutthamonthon Sai 4 Rd, Salaya, Phutthamonthon District, Nakhon Pathom 73170",วิทยาลัยดุริยางคศิลป์ / อาคารภูมิพลสังคีต มหาวิทยาลัยมหิดล 25/25 หมู่ 5 ถนนพุทธมณฑลสาย 4 ตำบลศาลายา​ อำเภอพุทธมณฑล จังหวัดนครปฐม 73170, 02 800 2525 ,https://www.music.mahidol.ac.th/,https://lh5.googleusercontent.com/p/AF1QipOXd3zf12_NiKeJI5lt7ubLUPsVY6NHCtnhzY8z=s1920,"13.78890,100.32477",MSA
College of Music / Bhumibol Sangkeet Building (B),วิทยาลัยดุริยางคศิลป์ / อาคารภูมิพลสังคีต อาคาร B,Building,"College of Music / Bhumibol Sangkeet Building, Mahidol University, 25/25 Phutthamonthon Sai 4 Rd, Salaya, Phutthamonthon District, Nakhon Pathom 73170",วิทยาลัยดุริยางคศิลป์ / อาคารภูมิพลสังคีต มหาวิทยาลัยมหิดล 25/25 หมู่ 5 ถนนพุทธมณฑลสาย 4 ตำบลศาลายา​ อำเภอพุทธมณฑล จังหวัดนครปฐม 73170, 02 800 2525 ,https://www.music.mahidol.ac.th/,https://lh5.googleusercontent.com/p/AF1QipOXd3zf12_NiKeJI5lt7ubLUPsVY6NHCtnhzY8z=s1920,"13.78854,100.32425",MSB
College of Music / Bhumibol Sangkeet Building (C),วิทยาลัยดุริยางคศิลป์ / อาคารภูมิพลสังคีต อาคาร C,Building,"College of Music / Bhumibol Sangkeet Building, Mahidol University, 25/25 Phutthamonthon Sai 4 Rd, Salaya, Phutthamonthon District, Nakhon Pathom 73170",วิทยาลัยดุริยางคศิลป์ / อาคารภูมิพลสังคีต มหาวิทยาลัยมหิดล 25/25 หมู่ 5 ถนนพุทธมณฑลสาย 4 ตำบลศาลายา​ อำเภอพุทธมณฑล จังหวัดนครปฐม 73170, 02 800 2525 ,https://www.music.mahidol.ac.th/,https://lh5.googleusercontent.com/p/AF1QipOXd3zf12_NiKeJI5lt7ubLUPsVY6NHCtnhzY8z=s1920,"13.78899,100.32400",MSC
College of Music / Bhumibol Sangkeet Building (D),วิทยาลัยดุริยางคศิลป์ / อาคารภูมิพลสังคีต อาคาร D,Building,"College of Music / Bhumibol Sangkeet Building, Mahidol University, 25/25 Phutthamonthon Sai 4 Rd, Salaya, Phutthamonthon District, Nakhon Pathom 73170",วิทยาลัยดุริยางคศิลป์ / อาคารภูมิพลสังคีต มหาวิทยาลัยมหิดล 25/25 หมู่ 5 ถนนพุทธมณฑลสาย 4 ตำบลศาลายา​ อำเภอพุทธมณฑล จังหวัดนครปฐม 73170, 02 800 2525 ,https://www.music.mahidol.ac.th/,https://lh5.googleusercontent.com/p/AF1QipOXd3zf12_NiKeJI5lt7ubLUPsVY6NHCtnhzY8z=s1920,"13.78868,100.32313",MSD
Music Square,Music Square,Food,"College of Music, Mahidol University, 25/25 Phutthamonthon Sai 4 Rd, Salaya, Phutthamonthon District, Nakhon Pathom 73170",วิทยาลัยดุริยางคศิลป์ มหาวิทยาลัยมหิดล 25/25 หมู่ 5 ถนนพุทธมณฑลสาย 4 ตำบลศาลายา​ อำเภอพุทธมณฑล จังหวัดนครปฐม 73170,(063) 913-6222,,https://lh5.googleusercontent.com/p/AF1QipO4a4fwDeRr64iwGQzVOFTSaIgPJAEWWBwqz7YN=s1920,"13.788941930496454, 100.32346555672241",
Tempo Eat Meet Fun,Tempo Eat Meet Fun,Food,"College of Music, Mahidol University, 25/25 Phutthamonthon Sai 4 Rd, Salaya, Phutthamonthon District, Nakhon Pathom 73170",วิทยาลัยดุริยางคศิลป์ มหาวิทยาลัยมหิดล 25/25 หมู่ 5 ถนนพุทธมณฑลสาย 4 ตำบลศาลายา​ อำเภอพุทธมณฑล จังหวัดนครปฐม 73170,(083) 784-9116,,https://lh5.googleusercontent.com/p/AF1QipOsNz5q68vVRrzy8rAeOvBKnulbEGCiC9WPhagF=s1920,,
Faculty of Nursing,คณะพยาบาลศาสตร์,Building,"Faculty of Nursing, Mahidol University, 999 Phuttamonthon 4 Road, Salaya, Nakhon Pathom 73170 Thailand",คณะพยาบาลศาสตร์ มหาวิทยาลัยมหิดล เลขที่ 999 ถ.พุทธมณฑล สาย 4 ต. ศาลายา อ.พุทธมณฑล จ.นครปฐม 73170, 02 441 5333 ,https://ns.mahidol.ac.th/,https://lh5.googleusercontent.com/p/AF1QipMA23lWfHKhaEGPocAr1nvNK8YfzzEi6VC_HZ0j=s1920,"13.788815280297746, 100.3260421115394",NS
Parking 2 (Mahidol University Parking),ลานจอดรถ 2 (อาคารจอดรถมหาวิทยาลัยมหิดล),Parking,,,,,https://lh5.googleusercontent.com/p/AF1QipNSeY7eBZAQ_cmTLlPVxTo1DoDHIpFFL4lEXdSx=s1920,"13.79095053869351, 100.32199149756633",P2
Parking 5,ลานจอดรถ 5,Parking,,,,,https://lh5.googleusercontent.com/p/AF1QipMupU7WK8SNv5NTkpHKgkn5jGrnrsa_LS6tDeQP=s1920,"13.792131602502229, 100.31768256623758",P5
Starbucks (MU),สตาร์บัคส์ สาขามหาวิทยาลัยมหิดล,Cafe,"PMH Conference Center, Mahidol University, Phutthamonthon Sai 4 Rd, Salaya, Phutthamonthon District, Nakhon Pathom 73170",ศูนย์ประชุมและอาคารจอดรถมหิดลสิทธาคาร มหาวิทยาลัยมหิดล ถ.พุทธมณฑล สาย 4 ต. ศาลายา อ.พุทธมณฑล จ.นครปฐม 73170,,http://www.starbucks.co.th/,https://lh5.googleusercontent.com/p/AF1QipO_cyjcsYIK5T0ApLkp7o19P2-4hawv3mG1Dj3W=s1920,"13.790558929932347, 100.32226339553134",
Prince Mahidol Hall,มหิดลสิทธาคาร,Building,"Prince Mahidol Hall, Mahidol University, Phutthamonthon Sai 4 Rd, Salaya, Phutthamonthon District, Nakhon Pathom 73170",มหิดลสิทธาคาร มหาวิทยาลัยมหิดล ถ.พุทธมณฑล สาย 4 ต. ศาลายา อ.พุทธมณฑล จ.นครปฐม 73170,(086) 997-1587,https://www.mahidol.ac.th/princemahidolhall/,https://lh5.googleusercontent.com/p/AF1QipPcWGpWaXPxTK6MH6xqyk2j4GmdYbxgExTs0SGU=s1920,"13.789588000061544, 100.32116195959294",PMH
Sireeruckhachati Nature Learning Park,อุทยานธรรมชาติวิทยาสิรีรุกขชาติ,Park,"Sireeruckhachati Nature Learning Park, Mahidol University, 999 Phuttamonthon 4 Road, Salaya, Nakhon Pathom 73170 Thailand",อุทยานธรรมชาติวิทยาสิรีรุกขชาติ มหาวิทยาลัยมหิดล เลขที่ 999 ถ.พุทธมณฑล สาย 4 ต. ศาลายา อ.พุทธมณฑล จ.นครปฐม 73170,(065) 986-3283,https://mahidol.ac.th/sireeruckhachati-nature-learning-park/,https://lh3.googleusercontent.com/p/AF1QipOeRW3pFbxK4JL3GS8s5x2NsQXTlqe89z2ugdRL=s1920,"13.790165228921618, 100.31862404410862",SR
Salaya Dog Shelter,บ้านรักหมา ศาลายา,Building,"Salaya Dog Shelter, 999 Phuttamonthon 4 Road, Salaya, Nakhon Pathom 73170 Thailand",บ้านรักหมา ศาลายา เลขที่ 999 ถ.พุทธมณฑล สาย 4 ต. ศาลายา อ.พุทธมณฑล จ.นครปฐม 73170,(099) 330-2424,https://www.facebook.com/salayadogshelter/,https://lh5.googleusercontent.com/p/AF1QipPYFmRj67w6qxlZUR3XqLuDug477HtcolJn6OL4=s1920,"13.79131,100.31661",DS
Training Building,อาคารฝึกอบรม,Building,"Training Building, Mahidol University, 999 Phuttamonthon 4 Road, Salaya, Nakhon Pathom 73170 Thailand",อาคารฝึกอบรม มหาวิทยาลัยมหิดล เลขที่ 999 ถ.พุทธมณฑล สาย 4 ต. ศาลายา อ.พุทธมณฑล จ.นครปฐม 73170,,,,"13.79131,100.32625",TB
ASEAN Institute for Health Development,สถาบันพัฒนาสุขภาพอาเซียน,Building,"ASEAN Institute for Health Development, Mahidol University, 999 Phuttamonthon 4 Road, Salaya, Nakhon Pathom 73170 Thailand",สถาบันพัฒนาสุขภาพอาเซียน มหาวิทยาลัยมหิดล เลขที่ 999 ถ.พุทธมณฑล สาย 4 ต. ศาลายา อ.พุทธมณฑล จ.นครปฐม 73170,02 441 9040,https://aihd.mahidol.ac.th/,https://lh5.googleusercontent.com/p/AF1QipNGA4uke-6UlnHQN7djzXO33pZE2ChvSFbLQWM1=s1920,"13.791087372645228, 100.32568522824842",AHD
College of Music / Pre College Boarding School,โรงเรียนเตรียมอุดมดนตรี วิทยาลัยดุริยางคศิลป์,Building,"College of Music, Mahidol University Salaya Campus
25/25 Phutthamonthon Sai 4 Road Salaya, Phutthamonthon Nakhonpathom, Thailand 73170",โรงเรียนเตรียมอุดมดนตรี วิทยาลัยดุริยางคศิลป์ 25/25 หมู่ 5 ถนนพุทธมณฑลสาย 4 ตำบลศาลายา​ อำเภอพุทธมณฑล จังหวัดนครปฐม 73170,02 441 5304,https://www.music.mahidol.ac.th/yamp/,https://lh5.googleusercontent.com/p/AF1QipPJDBuAOLxd5mAJjGbG7oezctswnZKj2sfoD9a5=s1920,"13.79021140787506, 100.3251176327714",PMS
ASEAN House,อาเซียนเฮ้าส์,Residence,"ASEAN House, 999 Phuttamonthon 4 Road, Salaya, Nakhon Pathom 73170 Thailand",อาเซียนเฮ้าส์ เลขที่ 999 ถ.พุทธมณฑล สาย 4 ต. ศาลายา อ.พุทธมณฑล จ.นครปฐม 73170,02 441 0162,https://www.facebook.com/aseanhouse1984/,https://lh5.googleusercontent.com/p/AF1QipN6mx0l8VjzI67qBgYCCAZdKqiDn6G5iaPYs09T=s1920,"13.790759493203227, 100.32565343416388",AH
Natth Bhamarapravati Auditorium,หอประชุมณัฐ ภมรประวัติ,Building,"ASEAN Institute for Health Development, Mahidol University, 999 Phuttamonthon 4 Road, Salaya, Nakhon Pathom 73170 Thailand",สถาบันพัฒนาสุขภาพอาเซียน มหาวิทยาลัยมหิดล เลขที่ 999 ถ.พุทธมณฑล สาย 4 ต. ศาลายา อ.พุทธมณฑล จ.นครปฐม 73170,02 441 9040,https://aihd.mahidol.ac.th/main/AIHD_TH/Room_mainhall.php,https://aihd.mahidol.ac.th/main/AIHD_TH/img/3mainhall/DSC_6346.jpg,"13.79155,100.32505",NAHD
Thai House,เรือนไทย,Building,"Research Institute for Languages and Cultures of Asia, Mahidol University, 999 Phuttamonthon 4 Road, Salaya, Nakhon Pathom 73170 Thailand",สถาบันวิจัยภาษาและวัฒนธรรมเอเชีย มหาวิทยาลัยมหิดล เลขที่ 999 ถ.พุทธมณฑล สาย 4 ต. ศาลายา อ.พุทธมณฑล จ.นครปฐม 73170,02 849 6000,https://mahidol.ac.th/th/mahidol-thai-house-2/,https://lh5.googleusercontent.com/p/AF1QipPpaSwQeWSTjnntxkFaagIzR6ChCKlprCkiL-3d=s1920,"13.790740885217675, 100.32434646960887",TH
Research Institute for Languages and Cultures of Asia (RILCA),สถาบันวิจัยภาษาและวัฒนธรรมเอเชีย,Building,"Research Institute for Languages and Cultures of Asia, Mahidol University, 999 Phuttamonthon 4 Road, Salaya, Nakhon Pathom 73170 Thailand",สถาบันวิจัยภาษาและวัฒนธรรมเอเชีย มหาวิทยาลัยมหิดล เลขที่ 999 ถ.พุทธมณฑล สาย 4 ต. ศาลายา อ.พุทธมณฑล จ.นครปฐม 73170,02 800 2308,https://lc.mahidol.ac.th/,https://lh6.googleusercontent.com/0Dg02U3OOu5V8HF8n8RlUPg2WdWEqc_wF9NKr9EzPGmWy5pkgxa8_Ggnv1809nbX=s1920,"13.79078566054231, 100.323193097563",RLC
Institute for Innovative Learning,สถาบันนวัตกรรมการเรียนรู้,Building,"Institute for Innovative Learning, Mahidol University, 999 Phuttamonthon 4 Road, Salaya, Nakhon Pathom 73170 Thailand",สถาบันนวัตกรรมการเรียนรู้ มหาวิทยาลัยมหิดล เลขที่ 999 ถ.พุทธมณฑล สาย 4 ต. ศาลายา อ.พุทธมณฑล จ.นครปฐม 73170,02 441 9729,https://il.mahidol.ac.th/,https://lh5.googleusercontent.com/p/AF1QipMsfV4ihWnPH61fZBRVQU_XBBK1xpyMp8O_GEhJ=s1920,"13.791650137596335, 100.3240445296151",INL
Southeast Asia Music Museum,พิพิธภัณฑ์ดนตรีอุษาคเนย์,Building,"Southeast Asia Music Museum, Mahidol University, 25/25 Phutthamonthon Sai 4 Road Salaya, Phutthamonthon Nakhonpathom, Thailand 73170",พิพิธภัณฑ์ดนตรีอุษาคเนย์ มหาวิทยาลัยมหิดล 25/25 หมู่ 5 ถนนพุทธมณฑลสาย 4 ตำบลศาลายา​ อำเภอพุทธมณฑล จังหวัดนครปฐม 73170,02 800 2525,https://www.music.mahidol.ac.th,https://lh5.googleusercontent.com/p/AF1QipNNVRONHKOS-fraFW7XAvW02y5dsXbTHi9X76c2=s1920,"13.790498851435778, 100.32322575066571",SEAM
The Artist Residency,เรือนศิลปิน,Residence,"College of Music, Mahidol University Salaya Campus
25/25 Phutthamonthon Sai 4 Road Salaya, Phutthamonthon Nakhonpathom, Thailand 73170",วิทยาลัยดุริยางคศิลป์ มหาวิทยาลัยมหิดล 25/25 หมู่ 5 ถนนพุทธมณฑลสาย 4 ตำบลศาลายา​ อำเภอพุทธมณฑล จังหวัดนครปฐม 73170,(081) 401-4061,,https://lh5.googleusercontent.com/p/AF1QipOqdxCteQvrZrtsc2M_ew0hrKTaGVi2X92334J2=s1920,"13.789807679651833, 100.32295310479537",AR
Musica Arboretum,สวนพฤกษาดุริยางค์,Park,,,02 800 2525,https://museum.li.mahidol.ac.th/en/museums/?p=s1920,https://lh5.googleusercontent.com/p/AF1QipNOvtLe_8ZWfVve3SHODByfY_1jZaUQjg7WEMiZ=s1920,"13.78928,100.32305",MSMA
Tamtawan Coffee,ตามตะวัน คอฟฟี่,Cafe,,,(086) 797-7151,,https://lh5.googleusercontent.com/p/AF1QipMIhMCjlv_Xqq10BRed_131r5m3L3OHjaZJLbc0=s1920,"13.792932609446638, 100.32057546667127",
Bann Leelawadee (Dorm 10),บ้านลีลาวดี (หอ 10),Residence,"Bann Leelawadee (Dorm 10), Mahidol University, 999 Phuttamonthon 4 Road, Salaya, Nakhon Pathom 73170 Thailand",บ้านลีลาวดี (หอ 10) มหาวิทยาลัยมหิดล เลขที่ 999 ถ.พุทธมณฑล สาย 4 ต. ศาลายา อ.พุทธมณฑล จ.นครปฐม 73170,(066) 104-5599,https://www.facebook.com/mahidoldorm,https://lh5.googleusercontent.com/p/AF1QipMzCV5FsMpzob22lTZnQSY1BNkUFpqY9oVzHrCh=s1920,"13.794459939067401, 100.3204418970634",D10
Bann Sri Trang (Dorm 11),บ้านศรีตรัง (หอ 11),Residence,"Bann Sri Trang (Dorm 11), Mahidol University, 999 Phuttamonthon 4 Road, Salaya, Nakhon Pathom 73170 Thailand",บ้านศรีตรัง (หอ 11) มหาวิทยาลัยมหิดล เลขที่ 999 ถ.พุทธมณฑล สาย 4 ต. ศาลายา อ.พุทธมณฑล จ.นครปฐม 73170,(066) 104-5599,https://www.facebook.com/mahidoldorm,https://lh3.googleusercontent.com/p/AF1QipMXEnRUt89NNcbtBgdManREyNT3LxVMrw0c-nHo=s1920,"13.794976259515108, 100.31998689594188",D11
Bann Bhuddharaksa (Dorm 1-2), บ้านพุทธรักษา (หอ 1-2),Residence,"Bann Bhuddharaksa (Dorm 1-2), Mahidol University, 999 Phuttamonthon 4 Road, Salaya, Nakhon Pathom 73170 Thailand", บ้านพุทธรักษา (หอ 1-2) มหาวิทยาลัยมหิดล เลขที่ 999 ถ.พุทธมณฑล สาย 4 ต. ศาลายา อ.พุทธมณฑล จ.นครปฐม 73170,(066) 104-5599,https://www.facebook.com/mahidoldorm,,"13.79375651700341, 100.31991636896637",D1-2
Bann Intanin (Dorm 3-4),บ้านอินทนิล (หอ 3-4),Residence,"Bann Intanin (Dorm 3-4), Mahidol University, 999 Phuttamonthon 4 Road, Salaya, Nakhon Pathom 73170 Thailand","บ้านอินทนิล (หอ 3-4) มหาวิทยาลัยมหิดล เลขที่ 999 ถ.พุทธมณฑล สาย 4 ต. ศาลายา อ.พุทธมณฑล จ.นครปฐม 73170
",(066) 104-5599,https://www.facebook.com/mahidoldorm,,"13.793110123249091, 100.31989365264238",D3-4
Bann Chaiyapruek (Dorm 6-7),บ้านชัยพฤกษ์ (หอ 6-7),Residence,"Bann Chaiyapruek (Dorm 6-7), Mahidol University, 999 Phuttamonthon 4 Road, Salaya, Nakhon Pathom 73170 Thailand",บ้านชัยพฤกษ์ (หอ 6-7) มหาวิทยาลัยมหิดล เลขที่ 999 ถ.พุทธมณฑล สาย 4 ต. ศาลายา อ.พุทธมณฑล จ.นครปฐม 73170,(066) 104-5599,https://www.facebook.com/mahidoldorm,,"13.792589990076332, 100.32010766660278",D6-7
Bann Kanpai Mahidol (Dorm 8-9),บ้านกันภัยมหิดล (หอ 8-9),Residence,"Bann Kanpai Mahidol (Dorm 8-9), Mahidol University, 999 Phuttamonthon 4 Road, Salaya, Nakhon Pathom 73170 Thailand",บ้านกันภัยมหิดล (หอ 8-9) มหาวิทยาลัยมหิดล เลขที่ 999 ถ.พุทธมณฑล สาย 4 ต. ศาลายา อ.พุทธมณฑล จ.นครปฐม 73170,(066) 104-5599,https://www.facebook.com/mahidoldorm,,"13.792559054170162, 100.31945863277406",D8-9
Student Dormitory-Bann Mahidol,สำนักงานหอพักนักศึกษา (บ้านมหิดล),Residence,"Student Dormitory-Bann Mahidol, Mahidol University, 999 Phuttamonthon 4 Road, Salaya, Nakhon Pathom 73170 Thailand",สำนักงานหอพักนักศึกษา (บ้านมหิดล) มหาวิทยาลัยมหิดล เลขที่ 999 ถ.พุทธมณฑล สาย 4 ต. ศาลายา อ.พุทธมณฑล จ.นครปฐม 73170,(066) 104-5599,https://www.facebook.com/mahidoldorm,,"13.793368239738383, 100.31958243904342",D0
Gymnasium,โรงพละอเนกประสงค์,Sport,,,02 441 4295,https://mahidol.ac.th/new-current-student/sport/,,"13.794312618223087, 100.31910840444787",G
Soccer Field 1,สนามฟุตบอล 1,Sport,,,02 441 4295,https://mahidol.ac.th/new-current-student/sport/,https://lh5.googleusercontent.com/p/AF1QipPckRZhcPEdUWSgt4P5suRax9mbfV1atHp3d10B=s1920,"13.793377619625284, 100.31815719978728",SF1
Soccer Field 2,สนามฟุตบอล 2,Sport,,,02 441 4295,https://mahidol.ac.th/new-current-student/sport/,https://lh5.googleusercontent.com/p/AF1QipPckRZhcPEdUWSgt4P5suRax9mbfV1atHp3d10B=s1920,"13.79474079690128, 100.31815719978728",SF2
Volleyball & Sepak Takraw Courts,สนามเซปักตะกร้อ,Sport,,,02 441 4295,https://mahidol.ac.th/new-current-student/sport/,,"13.792460034868004, 100.31868716801218",VST
Sports & Recreation Building,อาคารอเนกประสงค์,Building,"Sports & Recreation Building, Mahidol University, 999 Phuttamonthon 4 Road, Salaya, Nakhon Pathom 73170 Thailand",อาคารอเนกประสงค์ มหาวิทยาลัยมหิดล เลขที่ 999 ถ.พุทธมณฑล สาย 4 ต. ศาลายา อ.พุทธมณฑล จ.นครปฐม 73170,,,https://lh5.googleusercontent.com/p/AF1QipNdAGWH5x8hNsMwZo6QxzXDM1xapIIlD2sUvts5=s1920,"13.79613289657907, 100.31997990330308",SRB
Tennis Court,สนามเทนนิส,Sport,,,02 441 4295,https://mahidol.ac.th/new-current-student/sport/,https://lh5.googleusercontent.com/p/AF1QipMIjIC9JtD6d2zDlXP7gHi-rxNHIoWN4FNg-YjB=s1920,"13.79537,100.31968",TCC
Basketball Court,สนามบาสเก็ตบอล,Sport,,,02 441 4295,https://mahidol.ac.th/new-current-student/sport/,,"13.79563,100.32038",BC
MU Lake,MU Lake,Park,,,02 849 6000,,https://lh5.googleusercontent.com/p/AF1QipMdzQGY0PDR9qrlU1yDf8qCTzIg-QV2hxp4dyf2=s1920,"13.794037229386605, 100.31700937963248",MUL
Jakka Center,จักก้าเซ็นเตอร์,Building,,,02 441 4400,https://www.facebook.com/jakkamu/?locale=s1920,https://lh5.googleusercontent.com/p/AF1QipPoz2T1SVZoWwSfpkZiLKh_-syN-EZ6bOBBgL4e=s1920,"13.79391199049563, 100.32050600529799",JC
Tram Station,สถานีรถราง,Building,,,,,https://lh5.googleusercontent.com/p/AF1QipOIkZ-Q8qaSRj2-Azl28nn_89LEyf2RSyNfKvu9=s1920,"13.794744144635061, 100.318863417322",T
College of Religious Studies,วิทยาลัยศาสนศึกษา,Building,"College of Religious Studies, Mahidol University, 999 Phuttamonthon 4 Road, Salaya, Nakhon Pathom 73170 Thailand",วิทยาลัยศาสนศึกษา มหาวิทยาลัยมหิดล เลขที่ 999 ถ.พุทธมณฑล สาย 4 ต. ศาลายา อ.พุทธมณฑล จ.นครปฐม 73170,02 800 2630,https://crs.mahidol.ac.th/crs,https://lh3.googleusercontent.com/JEqEhX5Axhm9xXUU7bD0W1caNYSJQVB1mK29KpdTc4eVYrINSeY-Vwy90xwg4kc=s1920,"13.798541627899228, 100.31864046157962",CRS
Faculty of Veterinary Science,คณะสัตวแพทยศาสตร์,Building,"Faculty of Veterinary Science, Mahidol University, 999 Phuttamonthon 4 Road, Salaya, Nakhon Pathom 73170 Thailand",คณะสัตวแพทยศาสตร์ มหาวิทยาลัยมหิดล เลขที่ 999 ถ.พุทธมณฑล สาย 4 ต. ศาลายา อ.พุทธมณฑล จ.นครปฐม 73170, 02 441 5242 ,https://vs.mahidol.ac.th/,https://lh5.googleusercontent.com/p/AF1QipOBuO0dzByDoERg7aZXNRHnkI1mu35n3hjF1F2g=s1920,"13.798071833822815, 100.31719166594009",VS
National Institute for Child and Family Development,สถาบันแห่งชาติเพื่อการพัฒนาเด็กและครอบครัว,Building,"National Institute for Child and Family Development, Mahidol University, 999 Phuttamonthon 4 Road, Salaya, Nakhon Pathom 73170 Thailand",สถาบันแห่งชาติเพื่อการพัฒนาเด็กและครอบครัว มหาวิทยาลัยมหิดล เลขที่ 999 ถ.พุทธมณฑล สาย 4 ต. ศาลายา อ.พุทธมณฑล จ.นครปฐม 73170,02 441 0601,https://cf.mahidol.ac.th/,https://lh3.googleusercontent.com/p/AF1QipPmCHuykl21tDqppDPJ_bNQaS0gnkZO422zsd17=s1920,"13.798297143345936, 100.31983997545268",NICF
Parking 4,ลานจอดรถ 4,Parking,,,,,,"13.796290793566756, 100.31762432191496",P4
Prasu-Arthorn Animal Hospital,โรงพยาบาลสัตว์ประศุอาทร,Building,"Prasu-Arthorn Animal Hospital, Mahidol University, 999 Phuttamonthon 4 Road, Salaya, Nakhon Pathom 73170 Thailand",โรงพยาบาลสัตว์ประศุอาทร มหาวิทยาลัยมหิดล เลขที่ 999 ถ.พุทธมณฑล สาย 4 ต. ศาลายา อ.พุทธมณฑล จ.นครปฐม 73170,02 441 5245,https://vs.mahidol.ac.th/th/prasuarthon.html,https://lh3.googleusercontent.com/p/AF1QipM4rSjYM9p4lzQ4l3-0Eq2_Dgw4Una6PC_90PoB=s1920,"13.798155725691196, 100.31779882728323",VSH
Kafaekom Nomwhan,กาแฟขม นมหวาน,Cafe,,,(096) 386-0519,,https://lh3.googleusercontent.com/IBHGzStp2_CjO91zEPsy08HgnJ7Nqgp6JMTmkI9LzQJEudb5MZaTnx3Quldg3e3W=s1920,"13.798539701616477, 100.3179780069802",
Zum Chanom,ซุ้มชานม,Cafe,,,,,,"13.798691936802555, 100.3178572075727",
National Laboratory Animal Center,ศูนย์สัตว์ทดลองแห่งชาติ,Building,"National Laboratory Animal Center, Mahidol University, 999 Phuttamonthon 4 Road, Salaya, Nakhon Pathom 73170 Thailand",ศูนย์สัตว์ทดลองแห่งชาติ มหาวิทยาลัยมหิดล เลขที่ 999 ถ.พุทธมณฑล สาย 4 ต. ศาลายา อ.พุทธมณฑล จ.นครปฐม 73170, 02 441 9342 ,https://nlac.mahidol.ac.th/,https://lh4.googleusercontent.com/hldpGp_YxHyEw45rU8J6YEtfg67GHgat2yN6c_xVMWgUNby6eVuqBxyT3t_BOTJR=s1920,"13.799087975702598, 100.31736266803118",NLAC
Medical Morgue Building,อาคารกายวิทยาทาน,Building,"Medical Morgue Building, Mahidol University, 999 Phuttamonthon 4 Road, Salaya, Nakhon Pathom 73170 Thailand",อาคารกายวิทยาทาน มหาวิทยาลัยมหิดล เลขที่ 999 ถ.พุทธมณฑล สาย 4 ต. ศาลายา อ.พุทธมณฑล จ.นครปฐม 73170,,,https://lh5.googleusercontent.com/p/AF1QipOzbnfM39TTEHNvEYpoLTr8nWAMYDr1SnFeQMNQ=s1920,"13.800635728503199, 100.31787010907915",MMB
Mahidol Wittayanusorn School,โรงเรียนมหิดลวิทยานุสรณ์,Building,"Mahidol Wittayanusorn School 364 Moo 5 Salaya, Phutthamonthon District, Nakhon Pathom, Thailand
73170",โรงเรียนมหิดลวิทยานุสรณ์ 364 หมู่ 5 ต.ศาลายา อ.พุทธมณฑล จ.นครปฐม 73170, 02 027 7850,https://www.mwit.ac.th/,https://lh5.googleusercontent.com/p/AF1QipNduReB3BlUgx2koBEQMd4TeQ7dJUbuKMacJ5c0=s1920,"13.800182789826241, 100.31856231758024",MWIT
Tennis Court,สนามเทนนิส,Sport,,,02 441 4295,https://mahidol.ac.th/new-current-student/sport/,https://lh4.googleusercontent.com/XUzo6SzRO5OCmK94HB5EfvYYMOZm4OUwp34qggEtgsNxrXXAH1VJwZz3b3zPmb_4MQ=s1920,"13.79718,100.31908",TCD
Petanque Court,สนามเปตอง,Sport,,,02 441 4295,https://mahidol.ac.th/new-current-student/sport/,https://lh5.googleusercontent.com/p/AF1QipPlr21Jy23viru74bOwPMTvCkQpv0lOesakOQBL=s1920,"13.79692,100.31910",PCD
Equestrian Court,สนามขี่ม้า,Sport,,,,https://www.facebook.com/MahidolRidingHorseClub,https://lh5.googleusercontent.com/p/AF1QipN7MYvA2RE5swSywQDnzxYEpEslkSLXifUZjDz3=s1920,"13.797709410046632, 100.31859327662737",ECD
Badminton Court,สนามแบดมินตัน ,Sport,,,02 441 4295,https://mahidol.ac.th/new-current-student/sport/,https://lh5.googleusercontent.com/p/AF1QipN3vOJkRTwO7kxOvmowk9jeWirfSxE63kdutpDs=s1920,"13.79755086713386, 100.31939434054233",BCD
Division of Physical Systems and Environment,กองกายภาพและสิ่งแวดล้อม,Building,"Division of Physical Systems and Environment, Mahidol University, 999 Phuttamonthon 4 Road, Salaya, Nakhon Pathom 73170 Thailand",กองกายภาพและสิ่งแวดล้อม มหาวิทยาลัยมหิดล เลขที่ 999 ถ.พุทธมณฑล สาย 4 ต. ศาลายา อ.พุทธมณฑล จ.นครปฐม 73170,02 441 4400,,https://lh3.googleusercontent.com/p/AF1QipM10mX4EvOXqC7cudyb4KDsoPYBulya0lQwSz1L=s1920,"13.798134088358857, 100.3219363092345",PE
Nan Coffee,กาแฟสดแนน,Cafe,"Division of Physical Systems and Environment, Mahidol University, 999 Phuttamonthon 4 Road, Salaya, Nakhon Pathom 73170 Thailand",กองกายภาพและสิ่งแวดล้อม มหาวิทยาลัยมหิดล เลขที่ 999 ถ.พุทธมณฑล สาย 4 ต. ศาลายา อ.พุทธมณฑล จ.นครปฐม 73170,(085) 133-4544,,https://lh5.googleusercontent.com/p/AF1QipMjdWimf2Ug88Ls-NoaDEFXdIUU2kWKAHD2dOQ=s1920,"13.797895752295597, 100.32223156815722",
Faculty of Liberal Arts,คณะศิลปศาสตร์,Building,"Faculty of Liberal Arts, Mahidol University, 999 Phuttamonthon 4 Road, Salaya, Nakhon Pathom 73170 Thailand",คณะศิลปศาสตร์ มหาวิทยาลัยมหิดล เลขที่ 999 ถ.พุทธมณฑล สาย 4 ต. ศาลายา อ.พุทธมณฑล จ.นครปฐม 73170, 02 441 4401 ,http://www.la.mahidol.ac.th/,https://lh5.googleusercontent.com/p/AF1QipMxjXRFU_LD2RiWDb3JEXwlBI7ElskAajrz0H__=s1920,"13.797611625913188, 100.32109614007207",LA
Gopi Siam and Fast Food,โกปี้สยามและอาหารจานด่วน,Food,,,(096) 478-3957,,https://lh5.googleusercontent.com/p/AF1QipPxkjbipx_eA9KMyA0088_nVhCEa6RXRjCf7TPM=s1920,"13.797953449385297, 100.32370821727936",
Faculty of Medical Technology,คณะเทคนิคการแพทย์,Building,"Faculty of Medical Technology, Mahidol University, 999 Phuttamonthon 4 Road, Salaya, Nakhon Pathom 73170 Thailand",คณะเทคนิคการแพทย์ มหาวิทยาลัยมหิดล เลขที่ 999 ถ.พุทธมณฑล สาย 4 ต. ศาลายา อ.พุทธมณฑล จ.นครปฐม 73170,02 441 4371,https://mt.mahidol.ac.th/,https://lh3.googleusercontent.com/AXZp9xuF_tJuqWd3LSy-BcRiAO9WZFqh1hZ8A69X1W6hTj5XEQ5hV093-PK3Ls8=s1920,"13.79855891085541, 100.32308788607185",MT
Faculty of Physical Therapy,คณะกายภาพบำบัด,Building,"Faculty of Physical Therapy, Mahidol University, 999 Phuttamonthon 4 Road, Salaya, Nakhon Pathom 73170 Thailand",คณะกายภาพบำบัด มหาวิทยาลัยมหิดล เลขที่ 999 ถ.พุทธมณฑล สาย 4 ต. ศาลายา อ.พุทธมณฑล จ.นครปฐม 73170, 02 441 5450 ,https://pt.mahidol.ac.th/,https://lh5.googleusercontent.com/p/AF1QipPxtBEcVAoVTzQXlFrYPBEUQPV192Kctf6tpxaG=s1920,"13.797522632132894, 100.3220249041263",PT
White Duck Court,ลานเป็ดขาว,Park,,,,,https://lh5.googleusercontent.com/p/AF1QipPc-U1L8xYyZNLnyLpBneHmC2KCCt0zosoXaLLo=s1920,"13.797018741368339, 100.3235180820217",
Prachakorn Court,ลานประชากร,Park,,,,,,"13.796935560686396, 100.32395530056488",
22 twenty two coffee,ทเวนตี้ทู คอฟฟี่,Cafe,"Faculty of Physical Therapy, Mahidol University, 999 Phuttamonthon 4 Road, Salaya, Nakhon Pathom 73170 Thailand",คณะกายภาพบำบัด มหาวิทยาลัยมหิดล เลขที่ 999 ถ.พุทธมณฑล สาย 4 ต. ศาลายา อ.พุทธมณฑล จ.นครปฐม 73170,(092) 299-3687,,https://lh5.googleusercontent.com/p/AF1QipOJlJk_rm3fbQkAB6TOVW2Jd1MLsqcf8nZhyNRh=s1920,"13.797378527895294, 100.32178974311005",
Parking 1,ลานจอดรถ 1,Parking,,,,,,"13.797315781591061, 100.32044229022345",P1
Parking 3,ลานจอดรถ 3,Parking,,,,,,"13.798140777428063, 100.32265151024548",P3
Condominium Anchan (A Building),อาคารอัญชัน (อาคาร A),Residence,,,,,https://lh5.googleusercontent.com/p/AF1QipNvD38cVyDsF6O8TtYg8Flh3ni57wCZjtSgKSvJ=s1920,"13.800083345278694, 100.32089107884022",
Condominium Benjamas (B Building),อาคารเบญจมาศ (อาคาร B),Residence,,,,,https://lh6.googleusercontent.com/xPIUKjzgxA8LkQL9NinQyUjSgHgyVs20oIBXuvYF0L-NnuoyAE_x5ArYzW65JMcEkg=s1920,"13.799786935040634, 100.32154276595007",
Condominium Chaba (C Building),อาคารชบา (อาคาร C),Residence,,,,,https://lh6.googleusercontent.com/hHUrZFaB0HXyBglAvz0cFPpj2Zx0Vy436YcMBKcyDj_hYJ9Lwdia1gYqrEmUkkaNVA=s1920,"13.800043289861364, 100.32155513979745",
Condominium Dusita (D Building),อาคารดุสิตา (อาคาร D),Residence,,,,,https://lh5.googleusercontent.com/p/AF1QipM4BgW7L_XrIc1A4-1NIeH8S5QQUEJodunPj1Tg=s1920,"13.799790940578532, 100.32258216575704",
"True Space, Mahidol University",ทรูสเปซ มหาวิทยาลัยมหิดล,Cafe,"Sirivadhanabhakdi Building, Mahidol University, 999 Phuttamonthon 4 Road, Salaya, Nakhon Pathom 73170 Thailand",อาคารสิริวัฒนภักดี มหาวิทยาลัยมหิดล เลขที่ 999 ถ.พุทธมณฑล สาย 4 ต. ศาลายา อ.พุทธมณฑล จ.นครปฐม 73170,(090) 971-5283,http://truespaceth.com/,https://lh5.googleusercontent.com/p/AF1QipPoIHBS8148E6LviFoPTEXnWPAClcBW2rUY_5qv=s1920,"13.801001261585645, 100.32071975494686",
Mahidol University Alumni Association Under the Royal Patronage of His Majesty the King,สมาคมศิษย์เก่ามหาวิทยาลัยมหิดล ในพระบรมราชูปถัมภ์,Building,"Sirivadhanabhakdi Building, Mahidol University, 999 Phuttamonthon 4 Road, Salaya, Nakhon Pathom 73170 Thailand",อาคารสิริวัฒนภักดี มหาวิทยาลัยมหิดล เลขที่ 999 ถ.พุทธมณฑล สาย 4 ต. ศาลายา อ.พุทธมณฑล จ.นครปฐม 73170,02 108 5330,https://alumni.mahidol.ac.th/,https://lh5.googleusercontent.com/p/AF1QipNYarpl9X4TCwPZZjA8un4llxzCQkJT06J5ypj4=s1920,"13.801088553005291, 100.3204579119382",
MU Salaya Park,MU Salaya Park,Park,,,,,,"13.79879,100.32053",MUSP
Ramathibodi Nursing Student Dormitory,หอพักนักศึกษาพยาบาลรามาธิบดี,Residence,"Ramathibodi Nursing Student Dormitory, Mahidol University, 999 Phuttamonthon 4 Road, Salaya, Nakhon Pathom 73170 Thailand",หอพักนักศึกษาพยาบาลรามาธิบดี มหาวิทยาลัยมหิดล เลขที่ 999 ถ.พุทธมณฑล สาย 4 ต. ศาลายา อ.พุทธมณฑล จ.นครปฐม 73170,,,https://lh5.googleusercontent.com/p/AF1QipOHL3gTCIJa9oH66mMWTQ6vfW3ByjYW0rTQfHmo=s1920,"13.798728067441196, 100.321157527219",RNSD
Mahidol University International Demonstration School (MUIDS),โรงเรียนสาธิตนานาชาติ มหาวิทยาลัยมหิดล,Building,"International Demonstration School, Mahidol University, 999 Phutthamonthon Sai 4 Rd, Salaya, Phutthamonthon District, Nakhon Pathom 73170",โรงเรียนสาธิตนานาชาติ มหาวิทยาลัยมหิดล เลขที่ 999 ถ.พุทธมณฑล สาย 4 ต. ศาลายา อ.พุทธมณฑล จ.นครปฐม 73170, 02 408 8555 ,http://muids.mahidol.ac.th,https://lh5.googleusercontent.com/p/AF1QipOeYfhDiYSj_Hc0w0zzjB-1PR2ESUKsi_FkZo9Z=s1920,"13.799903218488424, 100.32366418535538",MUIDS
Ramathibodi School of Nursing,โรงเรียนพยาบาลรามาธิบดี,Building,"Ramathibodi School of Nursing, Mahidol University, 999 Phuttamonthon 4 Road, Salaya, Nakhon Pathom 73170 Thailand",โรงเรียนพยาบาลรามาธิบดี เลขที่ 999 ถ.พุทธมณฑล สาย 4 ต. ศาลายา อ.พุทธมณฑล จ.นครปฐม 73170,02 441 4234,https://www.rama.mahidol.ac.th/nursing/,https://lh5.googleusercontent.com/p/AF1QipPt_kKpX4GoekiFDPBrCKpu7ovkKCXuvfHQVqE9=s1920,"13.798600429431895, 100.32212746421004",RNS
Institute for Population and Social Research,สถาบันวิจัยประชากรและสังคม,Building,"Institute for Population and Social Research, Mahidol University, 999 Phuttamonthon 4 Road, Salaya, Nakhon Pathom 73170 Thailand",สถาบันวิจัยประชากรและสังคม มหาวิทยาลัยมหิดล เลขที่ 999 ถ.พุทธมณฑล สาย 4 ต. ศาลายา อ.พุทธมณฑล จ.นครปฐม 73170, 02 441 0201 ,https://ipsr.mahidol.ac.th/,https://lh5.googleusercontent.com/p/AF1QipPrZ2vBFyCrHvXQJtTRZYEw9OLblUKboNhRsAsf=s1920,"13.797151400801951, 100.32482836175693",IPSR
White Duck Court & Canal,ลานเป็ดขาว,Park,,,,,https://lh5.googleusercontent.com/p/AF1QipPc-U1L8xYyZNLnyLpBneHmC2KCCt0zosoXaLLo=s1920,"13.796940226301496, 100.32351551007726",WDC
Institute of Molecular Biosciences,สถาบันชีววิทยาศาสตร์โมเลกุล,Building,"Institute of Molecular Biosciences, Mahidol University, 25/25 Phutthamonthon Sai 4 Road Salaya, Phutthamonthon Nakhonpathom, Thailand 73170",สถาบันชีววิทยาศาสตร์โมเลกุล มหาวิทยาลัยมหิดล 25/25 หมู่ 5 ถนนพุทธมณฑลสาย 4 ตำบลศาลายา​ อำเภอพุทธมณฑล จังหวัดนครปฐม 73170, 02 441 9003 ,https://mb.mahidol.ac.th/,https://lh5.googleusercontent.com/p/AF1QipPctsI_KULvQ2V_O0HdTO4zlI64COmwCWfTyZt8=s1920,"13.797426838479051, 100.3259499277499",IMB
Center for Vaccine Development,ศูนย์วิจัยและพัฒนาวัคซีน,Building,"Center for Vaccine Development, Mahidol University, 25/25 Phutthamonthon Sai 4 Road Salaya, Phutthamonthon Nakhonpathom, Thailand 73170",ศูนย์วิจัยและพัฒนาวัคซีน มหาวิทยาลัยมหิดล 25/25 หมู่ 5 ถนนพุทธมณฑลสาย 4 ตำบลศาลายา​ อำเภอพุทธมณฑล จังหวัดนครปฐม 73170,02 441 9003,https://mb.mahidol.ac.th/,https://lh5.googleusercontent.com/p/AF1QipMrC2cV_vsF9go0VmQi52FBtqapB5RLDJp9LGEg=s1920,"13.797176211327146, 100.32577986071577",CVD
Center of Research and Development for Biomedical Instrumentation,ศูนย์วิจัยและพัฒนาอุปกรณ์ชีวการแพทย์,Building,"Center of Research and Development for Biomedical Instrumentation, Mahidol University, 25/25 Phutthamonthon Sai 4 Road Salaya, Phutthamonthon Nakhonpathom, Thailand 73170",ศูนย์วิจัยและพัฒนาอุปกรณ์ชีวการแพทย์ มหาวิทยาลัยมหิดล 25/25 หมู่ 5 ถนนพุทธมณฑลสาย 4 ตำบลศาลายา​ อำเภอพุทธมณฑล จังหวัดนครปฐม 73170,02 441 9003,https://mb.mahidol.ac.th/6-center-for-biomedical-instrument/,https://lh5.googleusercontent.com/p/AF1QipMLelP6Uwd-5Ph1-ZCr8frvG9LJArHT5KzjuPif=s1920,"13.79761156008226, 100.3248247238526",CRB
MU-Bio Innovation Building,อาคารนวัตกรรมชีวภัณฑ์,Building,"MU-Bio Innovation Building, Mahidol University, 25/25 Phutthamonthon Sai 4 Road Salaya, Phutthamonthon Nakhonpathom, Thailand 73170",อาคารนวัตกรรมชีวภัณฑ์ มหาวิทยาลัยมหิดล 25/25 หมู่ 5 ถนนพุทธมณฑลสาย 4 ตำบลศาลายา​ อำเภอพุทธมณฑล จังหวัดนครปฐม 73170,02 441 9003,https://mb.mahidol.ac.th/,https://lh5.googleusercontent.com/p/AF1QipM_RsQ305mRQR6tB9aOnKdsQE4MTlmZkVmtUlyj=s1920,"13.79862,100.32490",BI
Excellence Training Center for Pharmaceutical and Herbal Product,ศูนย์ฝึกปฏิบัติเพื่อความเป็นเลิศด้านผลิตภัณฑ์และสมุนไพร,Building,"Excellence Training Center for Pharmaceutical and Herbal Product, Mahidol University, 25/25 Phutthamonthon Sai 4 Road Salaya, Phutthamonthon Nakhonpathom, Thailand 73170",ศูนย์ฝึกปฏิบัติเพื่อความเป็นเลิศด้านผลิตภัณฑ์และสมุนไพร มหาวิทยาลัยมหิดล 25/25 หมู่ 5 ถนนพุทธมณฑลสาย 4 ตำบลศาลายา​ อำเภอพุทธมณฑล จังหวัดนครปฐม 73170,,,,"13.79843,100.32630",ETCPH
Research and Development for the Rubber Industry,อาคารปฏิบัติการและทดสอบยางล้อ,Building,"Research and Development for the Rubber Industry, Mahidol University, 25/25 Phutthamonthon Sai 4 Road Salaya, Phutthamonthon Nakhonpathom, Thailand 73170",อาคารปฏิบัติการและทดสอบยางล้อ มหาวิทยาลัยมหิดล 25/25 หมู่ 5 ถนนพุทธมณฑลสาย 4 ตำบลศาลายา​ อำเภอพุทธมณฑล จังหวัดนครปฐม 73170,,,,"13.79895,100.32594",RDRI
Biotechnology Research and Development Center,อาคารโครงการวิจัยและพัฒนาเทคโนโลยีชีวภาพ,Building,"Biotechnology Research and Development Center, Mahidol University, 25/25 Phutthamonthon Sai 4 Road Salaya, Phutthamonthon Nakhonpathom, Thailand 73170",อาคารโครงการวิจัยและพัฒนาเทคโนโลยีชีวภาพ มหาวิทยาลัยมหิดล 25/25 หมู่ 5 ถนนพุทธมณฑลสาย 4 ตำบลศาลายา​ อำเภอพุทธมณฑล จังหวัดนครปฐม 73170,,,,"13.79902,100.32640",BTRD
Golden Jubilee Medical Center,ศูนย์การแพทย์กาญจนาภิเษก,Building,"Golden Jubilee Medical Center, 888 Borommaratchachonnani Rd, Salaya, Phutthamonthon District, Nakhon Pathom 73170",ศูนย์การแพทย์กาญจนาภิเษก 888 หมู่ 6 ตำบลศาลายา อำเภอพุทธมณฑล จังหวัดนครปฐม 73170, 02 849 6600 ,https://www.gj.mahidol.ac.th/,https://lh5.googleusercontent.com/p/AF1QipOqN_n09bCAJYUlkdIdy_MEIRpIWZXKJoVFAMQ0=s1920,"13.786798871447893, 100.32148214031483",GJ
"Bellinee's Bake&Brew, Golden Jubilee Medical Center",Bellinee's Bake&Brew สาขาศูนย์การแพทย์กาญจนาภิเษก,Cafe,"Golden Jubilee Medical Center, 888 Borommaratchachonnani Rd, Salaya, Phutthamonthon District, Nakhon Pathom 73170",ศูนย์การแพทย์กาญจนาภิเษก 888 หมู่ 6 ตำบลศาลายา อำเภอพุทธมณฑล จังหวัดนครปฐม 73170,(091) 001-7349,,https://lh5.googleusercontent.com/p/AF1QipOr38JlVsTyiD2i-C9jLkvnF9IEoqJW-vuVGqQD=s1920,"13.786846896177124, 100.32212220696363",
Golden Jubilee Food Court,ศูนย์อาหารกาญจนาภิเษก,Food,"Golden Jubilee Medical Center, 888 Borommaratchachonnani Rd, Salaya, Phutthamonthon District, Nakhon Pathom 73170",ศูนย์การแพทย์กาญจนาภิเษก 888 หมู่ 6 ตำบลศาลายา อำเภอพุทธมณฑล จังหวัดนครปฐม 73170,028496600,,https://lh5.googleusercontent.com/p/AF1QipOf_xebWr4S-lf6vCTfpQqON517IxZcEjDrTdMC=s1920,"13.786367981468077, 100.32212184140067",
"Café Amazon, Golden Jubilee Medical Center",คาเฟ่ อะเมซอน สาขาศูนย์การแพทย์กาญจนาภิเษก,Cafe,"Golden Jubilee Medical Center, 888 Borommaratchachonnani Rd, Salaya, Phutthamonthon District, Nakhon Pathom 73170",ศูนย์การแพทย์กาญจนาภิเษก 888 หมู่ 6 ตำบลศาลายา อำเภอพุทธมณฑล จังหวัดนครปฐม 73170,,,https://lh5.googleusercontent.com/p/AF1QipPfJzaGDey3VvtpoGmz8f89pr_w5_a4YFGk8TvF=s1920,"13.78652643868785, 100.32122738443925",
"Inthanin Coffee, Golden Jubilee Medical Center",อินทนิลคอฟฟี่ สาขาศูนย์การแพทย์กาญจนาภิเษก,Cafe,"Golden Jubilee Medical Center, 888 Borommaratchachonnani Rd, Salaya, Phutthamonthon District, Nakhon Pathom 73170",ศูนย์การแพทย์กาญจนาภิเษก 888 หมู่ 6 ตำบลศาลายา อำเภอพุทธมณฑล จังหวัดนครปฐม 73170,(081) 648-9199,,https://lh5.googleusercontent.com/p/AF1QipOx24rY2NwsHvYapMIYJ0H7cB2AtXDKJze8pXw_=s1920,"13.786956825741006, 100.32150926061036",
At That Time Cafe & Bakery,At That Time Cafe & Bakery,Cafe,"MRI Center, 1st floor, Golden Jubilee Medical Center, 888 Borommaratchachonnani Rd, Salaya, Phutthamonthon District, Nakhon Pathom 73170",ศูนย์ MRI ชั้น 1 ศูนย์การแพทย์กาญจนาภิเษก 888 หมู่ 6 ตำบลศาลายา อำเภอพุทธมณฑล จังหวัดนครปฐม 73170,(081) 439-5907,,https://lh5.googleusercontent.com/p/AF1QipPYqdznbb5Rpw_xBUgbCgcwro89ifMKVs4685tx=s1920,"13.786967208811136, 100.31992504123272",
Ratchasuda College,วิทยาลัยราชสุดา,Building,"Ratchasuda College, 111 Moo 6, Phuttamonthon 4 Road,
Salaya, Nakhonpathom 73170, Thailand",วิทยาลัยราชสุดา 111 หมู่ 6 ถ.พุทธมณฑล สาย 4 ศาลายา นครปฐม 73170, 02 889 5315 ,https://rs.mahidol.ac.th,https://lh5.googleusercontent.com/p/AF1QipM0OSNbnIraL1esL2TQ96Vpub6zBRJD8dRi4kKo=s1920,"13.786832571529557, 100.32560091426424",RS